Year,Month,Day,Hour,Minute,Temperature daily mean [2 m above gnd],Total Precipitation daily sum [sfc],Total cloud cover daily mean [sfc],Shortwave Radiation - backwards daily sum [sfc],Wind,Wind direction daily mean [10 m above gnd],Temperature daily max [2 m above gnd],Temperature daily min [2 m above gnd],Total cloud cover daily max [sfc],Total cloud cover daily min [sfc],Wind speed daily max [10 m above gnd],Wind speed daily min [10 m above gnd]
2016,1,1,0,0,6.88,0,78.28,1720.37,11.96,171.78,8.6,5.58,100,0,19.81,4.68
2016,1,2,0,0,5.76,6.3,85.62,430.76,14.58,154.79,8.15,3.84,100,0,22.48,6.38
2016,1,3,0,0,6.7,0.7,83.21,1505.88,14.85,223.16,9.71,4.22,100,13,19.39,5.6
2016,1,4,0,0,6.63,12.5,67.21,1683.88,22.79,236.34,8.43,4.4,100,0,30.01,12.89
2016,1,5,0,0,5.82,5.2,66.71,1456.04,14.31,209.92,8.75,2.88,100,0,24.4,6.92
2016,1,6,0,0,5.61,0.7,66.88,1496.98,11.85,215.72,8.89,2.35,100,0,18.21,5
2016,1,7,0,0,5.3,7.5,75.16,446.78,17.62,202.09,9.89,1.96,100,0,34.71,7.15
2016,1,8,0,0,6.95,1.7,90.62,1683.88,13.71,183.27,10.99,4.1,100,10,23.89,2.04
2016,1,9,0,0,8.53,7.1,80.96,1193.49,6.75,189.64,12.18,6.85,100,0,15.07,1.44
2016,1,10,0,0,8.16,4.1,74.33,1035.07,17.8,221.65,9.87,5.92,100,0,33.63,6.52
2016,1,11,0,0,7.03,15.3,79.29,1393.74,21.06,217.06,9.48,4.99,100,0,35.23,3.96
2016,1,12,0,0,5.6,3.8,33.96,1949.1,34.75,252.46,7.43,4.06,100,0,48.2,24.38
2016,1,13,0,0,3.08,0.2,72.08,1377.72,34.72,255.48,4.61,1.69,100,5,49.36,12.31
2016,1,14,0,0,1.24,2.1,49.08,1060.88,16.81,182.92,5.01,-1.65,100,0,32.86,7.1
2016,1,15,0,0,1.65,3.6,74.25,1505.88,40.53,268.79,4.02,-0.03,100,0,53,33.81
2016,1,16,0,0,1.23,0.9,86.83,1207.73,21.68,300.99,3.31,-0.81,100,16,37.17,12.52
2016,1,17,0,0,-0.17,1.3,42.33,1421.33,22.96,291.22,2.09,-2.57,100,0,36.46,5.15
2016,1,18,0,0,-1.69,0,50.31,2136.89,17.39,119.73,1.82,-4.89,100,0,31.35,12.4
2016,1,19,0,0,2.48,3.1,100,1545.93,9.33,134.58,5.96,-0.19,100,100,16.92,0
2016,1,20,0,0,2.65,1,71.5,1982.03,7,313.94,3.95,0.68,100,1,16.17,0.51
2016,1,21,0,0,0.94,0,39.67,2224.11,4.95,112.24,4.47,-1.11,100,0,10.83,0
2016,1,22,0,0,1.66,0.1,29.79,2322.9,9.01,120.21,5.85,-1.86,100,0,13.85,4.02
2016,1,23,0,0,6.51,5.8,51.66,2157.36,12.78,229.37,9.16,2.71,100,0,21.25,5.09
2016,1,24,0,0,5.14,0,57.04,2276.62,7.34,123.61,10.35,0.39,100,5,14.9,1.8
2016,1,25,0,0,8.19,0,0.29,2278.4,5.47,108.16,12.21,4.59,3.6,0,9.11,3.26
2016,1,26,0,0,9.04,0,24.18,2299.76,5.86,126.95,12.72,6.06,100,0,9.5,1.3
2016,1,27,0,0,10.18,0,70.24,2080.82,6.43,143.44,14,5.82,100,2.7,9.22,0.8
2016,1,28,0,0,10.94,3.1,94.15,1129.41,9.72,221.3,13.23,9.08,100,16.5,22.91,1.3
2016,1,29,0,0,8.39,1.9,48.38,2302.43,8.76,273.57,10.43,6.98,100,0,15.83,5.09
2016,1,30,0,0,8.05,1.3,68.72,1826.28,18.52,226.67,12.26,4.4,100,0.3,40.55,3.67
2016,1,31,0,0,9.17,11.2,99.04,1159.67,22.63,254.23,12.3,5.82,100,77,36.71,5.5
2016,2,1,0,0,11.58,0,49.32,2508.91,25.17,259.72,13.44,9.88,100,2.1,35.45,14.83
2016,2,2,0,0,11,0,83.21,2328.24,18.57,255.85,13.65,9,100,11,28.93,8.89
2016,2,3,0,0,5.51,7.6,84.83,1045.75,20.35,272.43,10.58,2.85,100,0,31.29,9.18
2016,2,4,0,0,4.3,1,91.54,1151.66,28.65,264.18,6.52,2.6,100,19,46.9,18.72
2016,2,5,0,0,8.55,0,54.63,2516.03,11.79,226.56,12.53,5.03,100,0,28.45,1.08
2016,2,6,0,0,6.68,0,24.23,2793.71,11.16,134.66,15.2,0.7,90,3.3,16.61,4.9
2016,2,7,0,0,4.37,5.9,80.12,708.44,13.17,182.08,7.27,0.92,100,12,27,3.56
2016,2,8,0,0,7.45,0.4,56.42,2857.79,31.55,224.95,12.41,2.83,100,0,47.97,8.12
2016,2,9,0,0,8.82,2.6,84.6,1711.47,35.41,236.33,11.72,4.14,100,4,56.33,12.74
2016,2,10,0,0,3.16,0.9,67.92,2449.28,39.45,257.9,6.2,1.08,100,0,53.1,27.32
2016,2,11,0,0,3.48,0.1,44.88,2894.28,15.38,233.42,7.11,0.25,100,0,29.02,2.6
2016,2,12,0,0,4.08,3.2,69.67,2190.29,10.22,177.14,7.74,0.4,100,6,23.36,2.74
2016,2,13,0,0,6.27,1.9,83.5,1615.35,22.38,245.19,9.82,2.47,100,4,43.85,2.81
2016,2,14,0,0,6.18,5.4,82.25,1385.73,17.84,254.45,8.4,5.04,100,3,40.73,8.09
2016,2,15,0,0,3.63,0.9,73.83,2482.21,15.96,301.93,5.18,1.98,100,10,22.03,6.41
2016,2,16,0,0,3.63,0,54.38,2984.17,18.36,76.82,7.74,0.77,100,0,25.96,9.83
2016,2,17,0,0,2.18,0,73.21,2961.03,9.24,289.12,6.08,-1.32,100,0,14.49,5.86
2016,2,18,0,0,4.75,0,46,3289.44,8.9,162.12,10.57,0.79,100,0,13.53,4.02
2016,2,19,0,0,4.51,2.6,69.79,2521.37,13.08,264.94,6.26,2.65,100,6,24.28,1.14
2016,2,20,0,0,5.42,1.2,79.67,722.68,25.12,232.31,9.87,1.45,100,0,39.63,11.09
2016,2,21,0,0,11.82,0.1,73.83,2915.64,26.31,247.5,14.55,10.09,100,0,38.16,6.76
2016,2,22,0,0,11.57,0,36.55,3521.73,16.77,265.92,15.22,8.71,100,0,27.72,5.69
2016,2,23,0,0,7.97,11.1,69.53,1237.99,18.8,274.59,11.16,3.29,100,0.3,31.62,4.32
2016,2,24,0,0,3.8,2.4,39.85,3341.06,9.43,145.59,8.74,-0.51,100,0,14.93,5.15
2016,2,25,0,0,3.38,7.8,97.92,1932.19,13.07,124.6,5.5,1.98,100,70,22.33,3.32
2016,2,26,0,0,3.16,0,46.88,3902.65,11.87,111.94,7.78,-0.36,100,2.7,22.07,0.51
2016,2,27,0,0,4.7,0,54.79,3817.21,9.8,93.39,11.08,0.93,100,0.9,14.66,2.41
2016,2,28,0,0,4.2,0,96.92,2924.54,10.81,316.69,9.45,-0.23,100,30,18.09,6.15
2016,2,29,0,0,2.7,14,100,579.39,23.42,320.6,4.66,0.72,100,100,30.24,18.42
2016,3,1,0,0,3.59,2.4,83.08,3728.21,18.11,287.08,7.65,0.35,100,0.9,28.84,9.18
2016,3,2,0,0,6.77,7.8,82.25,1792.46,27.66,249.33,10.11,3.67,100,0,37.21,16.64
2016,3,3,0,0,3.65,5.7,78,1527.24,24.54,272.46,5.35,1.7,100,0,35.64,9.5
2016,3,4,0,0,4.13,3.2,79.73,1028.84,22.57,196.48,8.34,-0.15,100,1,38.54,9.03
2016,3,5,0,0,5.4,6.7,82.92,1520.12,11.88,186.74,7.63,1.52,100,0,21.79,0
2016,3,6,0,0,2.68,7.2,81.54,2783.92,24.09,250.59,5.25,-0.23,100,7,42.96,3.55
2016,3,7,0,0,3.49,1.8,80.96,2985.95,11.6,214.29,6.84,0.1,100,35,24.5,2.55
2016,3,8,0,0,2.94,2.9,67.38,2730.52,9.48,281.69,5.57,0.29,100,0,18.21,2.41
2016,3,9,0,0,3.8,0,23.47,4638.68,13.3,150.81,9.21,-1.01,100,0,25.08,5.4
2016,3,10,0,0,5.16,0,20.88,4301.37,7.38,121.24,11.45,1.22,100,0,19.01,2.74
2016,3,11,0,0,4.96,0,59.08,4007.67,8.4,190.57,11.4,0.74,100,0,18.85,0
2016,3,12,0,0,4.96,0,51.67,3611.62,10.35,165.97,10.74,-0.22,100,0,21.46,1.8
2016,3,13,0,0,7.02,0,36.08,4647.58,18.86,56.46,11.18,3.34,100,0,33.18,5.86
2016,3,14,0,0,6.35,0,22.08,4815.79,15.87,82.47,11.78,2.62,100,0,23.44,9.83
2016,3,15,0,0,3.31,1.9,74.22,3583.14,9.71,244.21,9.88,-0.97,100,0,24.59,1.08
2016,3,16,0,0,5.33,0,4.62,4761.5,24.89,88.38,11.95,0.61,100,0,34.83,12.77
2016,3,17,0,0,5.35,0,2.21,5006.25,7.32,216.07,11.11,-0.01,17,0,18.25,1.8
2016,3,18,0,0,8.12,0,11.46,5032.95,6.36,230.88,13.9,2.64,100,0,12.66,2.6
2016,3,19,0,0,8.12,0,0.12,5092.58,8.32,269.55,12.52,4.2,3,0,18.9,0.8
2016,3,20,0,0,6.61,0,59.04,4447.33,8.58,272.43,11.66,3.62,100,0,16.26,1.02
2016,3,21,0,0,6.48,0,77.42,3640.99,8.98,234.76,11.39,3.24,100,0,18.39,0
2016,3,22,0,0,6.64,0,41.07,4566.59,7.26,174.59,12.35,1.53,100,0,20.39,0.36
2016,3,23,0,0,5.22,1.1,60.08,3922.23,11.14,203.51,10.02,-0.18,100,0,25.41,1.61
2016,3,24,0,0,6.72,0,53.3,4927.04,9.63,316.35,11.53,2.03,100,0,12.59,6.62
2016,3,25,0,0,8.31,6.7,100,1528.13,15.2,244.89,10.06,6.42,100,100,25.72,5.4
2016,3,26,0,0,10.7,1,30.31,5311.52,10.69,185.77,16.8,6.51,100,0,20.24,2.31
2016,3,27,0,0,9.34,2.2,60.89,3135.47,11.66,213.66,12.5,4.14,100,0,24.61,1.61
2016,3,28,0,0,9.08,0,43.75,3886.63,21.38,188.7,13.97,2.51,100,0,39.47,8.71
2016,3,29,0,0,10.73,3.8,49.96,2974.38,18.66,259.69,14.55,6.85,100,0,32.05,1.44
2016,3,30,0,0,13.37,7.7,89.33,3625.86,11.05,191.27,17.85,9.48,100,18,20.42,3.89
2016,3,31,0,0,14.44,0,40.12,5371.15,14.86,126.07,22.98,5.1,100,2,23.68,6.79
2016,4,1,0,0,10.27,0,52.94,3794.96,11.68,284.75,13.74,7.98,100,0,26.76,0
2016,4,2,0,0,13.12,0,29.5,5374.71,11.23,103.81,20.91,5.89,100,0,18.67,5
2016,4,3,0,0,16.23,0,98.79,4445.55,10.92,200.71,20.82,11.12,100,79,16.24,4.39
2016,4,4,0,0,14.95,0.9,66.34,5095.25,7.08,212.42,17.87,11.91,100,1.5,12.56,2.04
2016,4,5,0,0,12.71,5.2,79.58,3468.33,7.05,236.11,15.36,10.07,100,5.4,18.28,2.1
2016,4,6,0,0,11.89,5.1,59.88,3966.73,11.25,275.24,15.47,8.59,100,0,18.84,4.68
2016,4,7,0,0,8.46,1.3,87.5,3406.92,15.57,274.04,10.78,6.3,100,0,22.68,8.56
2016,4,8,0,0,8.07,1.8,100,3064.27,6.09,209.46,11.26,5.27,100,100,10.37,1.08
2016,4,9,0,0,9.73,0,91.58,4514.97,7.78,306.22,12.29,6.17,100,1,13.66,3.1
2016,4,10,0,0,11.36,0,15.68,6375.07,9.76,134.55,16.89,5.74,100,0.9,16.75,2.97
2016,4,11,0,0,12.49,0.1,7.67,6099.17,7.9,163.37,18.59,5.76,78,0,11.75,2.55
2016,4,12,0,0,13.95,1,24.17,6234.45,7.95,150,19.25,8.97,100,0,16.42,0.8
2016,4,13,0,0,11.81,7.3,91.62,2548.96,12.89,226.87,14.03,9.38,100,1,22.46,1.44
2016,4,14,0,0,11.66,2.2,62.24,5225.19,10.92,212.89,16.27,7.57,100,4.8,18.06,2.1
2016,4,15,0,0,12.05,2.6,93.17,3185.31,12.91,200.28,15.99,7.97,100,33,24.93,4.1
2016,4,16,0,0,13.86,5.4,91.21,2936.11,14.13,189.81,17.83,10.17,100,22,27.8,2.28
2016,4,17,0,0,10.57,7.9,96.33,2885.38,18.3,262.06,14.84,6.05,100,12,34.41,5.99
2016,4,18,0,0,7.65,12.1,91.96,2645.97,11.66,291.68,9.86,6.09,100,0,23.22,1.08
2016,4,19,0,0,9.49,0,0,6869.02,5.98,200.5,15.31,4.6,0,0,13.68,1.08
2016,4,20,0,0,11.41,0,1.97,6968.7,12.7,106.56,18.94,3.84,25,0,22.42,3.32
2016,4,21,0,0,13.2,0,46.01,6456.06,9.44,216.56,20.69,4.28,100,0,16.06,4.35
2016,4,22,0,0,14.94,0.8,89.52,4005,10.49,284.63,17.49,11.31,100,4.5,16.62,4.68
2016,4,23,0,0,10.87,8.2,100,2288.19,11.65,298.09,14.47,6.13,100,100,30.25,0.72
2016,4,24,0,0,5.37,2.8,66.62,4720.56,13.42,302.71,9.63,0.86,100,0,19.2,5.04
2016,4,25,0,0,5.16,2.6,77.92,4717.89,24.16,276.82,9.94,-0.6,100,10,38.77,11.77
2016,4,26,0,0,6.25,6.3,96.12,3061.6,25.93,277.93,7.79,3.97,100,20,39.66,2.19
2016,4,27,0,0,4.61,1.2,53.12,5956.77,25.89,261.81,8.08,1.34,100,0,40.19,14.28
2016,4,28,0,0,7.19,0.1,34.46,5443.24,7.39,240.05,11.78,2.01,100,0,17.5,0.8
2016,4,29,0,0,10.19,0,44.88,6144.56,3.28,233.45,14.9,4.53,100,0,5.63,0.36
2016,4,30,0,0,11.1,5.9,60.62,4282.68,12.8,225.75,17.13,5.56,100,0,26.65,4.1
2016,5,1,0,0,8.09,11.9,100,1989.15,17.16,259.66,12.41,4.87,100,100,23.73,3.76
2016,5,2,0,0,11.88,0.1,69,6479.2,7.88,263.29,17.05,6.54,100,0,15.19,3.62
2016,5,3,0,0,12.23,3.8,62.04,3291.22,10.23,275.66,15.15,9.39,100,0,20.67,2.55
2016,5,4,0,0,10.5,0,2.33,7461.76,7.25,85.82,15.76,4.1,44,0,12.41,2.16
2016,5,5,0,0,12.03,0,0.83,7645.99,17.11,102.64,19.64,2.34,20,0,27.78,3.08
2016,5,6,0,0,15.88,0,0.68,7539.19,9.43,100.37,22.68,8.68,10,0,14.34,5.96
2016,5,7,0,0,17.14,0,1.37,7490.24,6.3,146.55,22.78,11.38,10,0,9.75,1.44
2016,5,8,0,0,16.32,0,1.93,7419.93,11.49,109.94,23.41,8.66,10,0,23.47,2.55
2016,5,9,0,0,16.57,0,58.92,6284.29,7.44,106.65,22.73,9.76,100,0,14.04,1.61
2016,5,10,0,0,18.03,0.1,46.77,6392.87,5.67,174.03,22.38,13.76,100,0,10.81,1.44
2016,5,11,0,0,15.03,0.7,81.91,4196.35,5.3,183.17,19.92,11.05,100,12,12.56,0
2016,5,12,0,0,13.55,27.7,97,1938.42,12.65,240.5,16.23,12.19,100,60,24.01,2.16
2016,5,13,0,0,13.72,21,100,1745.29,18.73,288.52,15.56,11.91,100,100,25.56,5.45
2016,5,14,0,0,13.07,7.2,92.04,2908.52,10.38,311.28,14.65,9.99,100,61,14.58,6.38
2016,5,15,0,0,8.84,0,39.79,7495.58,11.81,326.84,12.33,5.23,100,0,14.39,5.6
2016,5,16,0,0,9.21,5.8,85.92,3681.04,13.76,249.88,12.88,4.45,100,5,23.62,1.94
2016,5,17,0,0,11.89,1.8,54.96,6471.19,7.62,223.64,16.58,6.76,100,0,13.72,0.51
2016,5,18,0,0,14.48,4.8,59.06,6302.98,6.81,174.98,20.21,8.15,100,0,19.77,1.08
2016,5,19,0,0,11.51,12.5,79.88,4923.48,16.79,268.61,13.33,9.02,100,10,23.31,4.69
2016,5,20,0,0,13.32,0,23.58,7655.78,7.23,244.81,19.71,4.96,100,0,10.95,2.31
2016,5,21,0,0,18.29,0,25.64,7682.48,6.05,106.18,24.32,11.72,100,3.3,10.95,3.22
2016,5,22,0,0,18.83,3.6,30.17,6743.53,11.19,168.82,26.26,12.74,100,0.6,28.61,1.94
2016,5,23,0,0,10.62,21.7,100,2251.7,21.54,260.54,13.76,9.2,100,100,25.98,15.27
2016,5,24,0,0,11.68,2.4,82.5,5277.7,15.91,298.41,15.86,8.68,100,0,21.92,6.13
2016,5,25,0,0,15.17,0,51.62,7857.81,5.95,168,21.07,8.57,100,0,14.04,1.8
2016,5,26,0,0,19.34,0,18.45,7807.08,4.69,120.51,24.15,13.06,100,0,8.35,2.28
2016,5,27,0,0,20.52,0,35.84,7617.51,6.44,204.54,25.49,15.27,100,0,13.4,1.44
2016,5,28,0,0,19.95,4.9,59.58,6286.07,7.52,167.94,25.2,15.12,100,0,22.15,0.8
2016,5,29,0,0,16.53,13.7,81.11,2066.58,7.32,184.1,18.76,13.62,100,0,15.04,1.44
2016,5,30,0,0,16.25,7.6,95.83,3289.44,17.6,243.23,18.92,14.2,100,56,24.29,9.42
2016,5,31,0,0,15.24,6.1,93.96,3131.02,13.75,247.52,18.62,12.82,100,11,27.11,3.67
2016,6,1,0,0,16.15,0.1,67.92,5857.09,4.96,226.7,19.91,12.06,100,0,12.57,0.51
2016,6,2,0,0,15.61,6.6,94.17,4452.67,11.71,248.98,20.02,13.12,100,18,21.89,2.97
2016,6,3,0,0,14.91,4.2,100,2786.59,7.15,191.24,16.64,12.76,100,100,12.02,3.89
2016,6,4,0,0,16.11,0.6,82.92,5762.75,10.04,262.27,19.78,12.79,100,30,16.1,5.4
2016,6,5,0,0,16.45,3.4,64.33,3759.36,4.52,238.16,19.25,13.31,100,2,7.99,0.8
2016,6,6,0,0,18.81,0.7,27.76,6909.07,3.3,142.35,24.43,12.95,100,0,6.92,0.51
2016,6,7,0,0,19.65,0.8,31.73,4599.52,5.17,222.63,23.9,15.63,100,0,11.17,0.51
2016,6,8,0,0,17.17,8.9,76.88,3097.2,10.87,259.53,19.67,14.11,100,4.2,15.54,5.9
2016,6,9,0,0,17.49,0.7,49.42,6280.73,7.41,204.01,20.93,13.47,100,0,14,2.97
2016,6,10,0,0,18.33,0,30.26,7605.05,4.75,154.58,23.67,11.9,100,0,7.77,1.94
2016,6,11,0,0,17.85,14.6,84.5,3519.95,11.07,256.37,19.66,15.22,100,4,18.13,3.42
2016,6,12,0,0,15.97,4.7,94.79,2883.6,13.69,252.51,17.22,14,100,53,20.96,5.86
2016,6,13,0,0,14.99,21,100,2597.02,11.08,233.31,17.04,13.2,100,100,24.4,3.6
2016,6,14,0,0,14.96,3.8,92.54,5005.36,13.89,224.77,17.45,12.28,100,14,34.11,2.81
2016,6,15,0,0,14.05,2.2,67.25,4605.75,7.5,183.75,18.13,8.73,100,0,12.98,0.72
2016,6,16,0,0,14.77,7,96.58,4328.96,10.29,184.87,17.29,11.63,100,39,24.03,1.44
2016,6,17,0,0,15.46,5.3,63.54,5024.94,11.6,234.27,18.88,11.5,100,0,24.45,0.51
2016,6,18,0,0,14.86,2.4,65.96,3689.94,7.79,211.48,16.77,12.14,100,2.4,15.12,0.72
2016,6,19,0,0,14.03,4.6,60.33,4231.95,13.28,299.36,16.4,11.98,100,0,19,7.39
2016,6,20,0,0,15.92,0,51.57,7527.62,4.53,217.45,22.26,9.43,100,0,13.85,0.36
2016,6,21,0,0,17.15,2,91.75,2632.62,6.43,200.82,19.79,13.16,100,0,13.28,0.8
2016,6,22,0,0,22.09,0,11.38,8154.18,7.59,89.78,28.97,13.72,100,0,14.59,1.3
2016,6,23,0,0,25.59,0,0,8131.93,6.05,182.32,31.59,18.4,0,0,15.65,0.8
2016,6,24,0,0,26.12,1.1,13.25,6690.13,8.83,261.26,30.96,21.73,82,0,22.55,1.3
2016,6,25,0,0,20.27,3.5,87.04,4001.44,11.84,267.79,23.74,15.2,100,4,28.12,0.51
2016,6,26,0,0,16.2,0.1,62.82,6026.19,10.93,294.62,21.03,11.55,100,0,16.62,5.35
2016,6,27,0,0,17.08,0,10.02,7944.14,8.98,257.82,22.09,10.58,100,0,16.31,1.53
2016,6,28,0,0,18.61,0,47.08,6522.81,7.01,255.83,23.1,13.03,100,0,13.66,1.08
2016,6,29,0,0,20.38,0.1,25.84,6718.61,4.89,201.71,24.54,15.36,100,0,13.1,0.36
2016,6,30,0,0,19.85,5.9,45.02,3671.25,4.76,209.83,21.34,17.62,100,0,7.41,1.14
2016,7,1,0,0,21.09,2.4,44.21,6574.43,4.31,199.56,25.56,16.77,100,0,7.79,1.02
2016,7,2,0,0,19.01,4.4,65.75,4247.97,11.9,251.1,20.55,15.71,100,0,23.47,1.84
2016,7,3,0,0,17.18,0,63.71,6385.75,6.74,287.97,20.68,13.47,100,0,14.37,0.8
2016,7,4,0,0,19.14,0,3,8004.66,5.4,214.34,24.69,12.81,10,0,11.99,1.53
2016,7,5,0,0,20.78,0,14.08,7516.94,9.27,262.56,25.2,15.9,100,0,17.87,1.48
2016,7,6,0,0,19.56,0,29.97,7448.41,9.11,304.3,23.5,15.59,100,0,16.98,4.33
2016,7,7,0,0,20.09,0,24.03,8130.15,4.98,231.49,25.66,13.83,100,0,9.73,0.36
2016,7,8,0,0,22.64,0.8,17.86,7749.23,9.75,227.91,28.5,15.98,100,0,19.59,1.44
2016,7,9,0,0,22.52,0.5,4.12,7783.05,8.37,285.07,27.36,17.32,49,0,12.29,2.41
2016,7,10,0,0,24.82,0,5.15,7938.8,6.82,185.44,31.44,16.61,100,0,13.66,1.8
2016,7,11,0,0,23.72,5.3,57.38,4477.59,6.64,200.26,28.06,19.13,100,3.3,13.04,1.84
2016,7,12,0,0,18.79,14.1,92,1187.26,5.64,232.85,20.44,15.99,100,2,12.64,1.08
2016,7,13,0,0,15.02,4.1,92.67,4692.08,16.55,259.56,16.87,12.24,100,41,28.29,3.4
2016,7,14,0,0,12.77,8.1,83.62,3287.66,13.86,282.33,14.33,10.85,100,0,18.29,5.76
2016,7,15,0,0,14.85,0.1,49.29,7369.2,9.95,220.37,19.19,10.96,100,0,18.78,3.24
2016,7,16,0,0,16.92,0,9.45,7829.33,5.59,95.51,23.06,9.93,100,0,10.5,2.31
2016,7,17,0,0,20.9,0,4.17,7856.92,7.29,177.44,27.26,13.69,100,0,10.5,4.1
2016,7,18,0,0,23.1,0,0.89,7781.27,5.65,203.07,28.77,17.65,8.7,0,13.68,0.51
2016,7,19,0,0,24.5,0,0.4,7827.55,8.98,111.23,30.74,17.26,7.8,0,15.58,1.3
2016,7,20,0,0,26.23,0,7.04,7815.09,9.08,119.35,33.1,18.46,100,0,11.98,4.9
2016,7,21,0,0,24.41,3.2,39.17,5043.63,6.38,185.08,28.59,20.68,100,0,12.9,0.51
2016,7,22,0,0,21.58,14.6,86.08,2808.84,9,182.61,25.4,18.78,100,9.9,18.92,3.62
2016,7,23,0,0,20.66,1,87.08,4056.62,5.85,257.68,24.1,17.53,100,9,10.9,2.6
2016,7,24,0,0,20.66,0,38.58,6194.4,6.56,309.74,24.55,17.13,100,0,12.78,2.41
2016,7,25,0,0,21.3,1,49.29,4385.92,4.46,249.89,25.06,17.04,100,0,9.2,0.36
2016,7,26,0,0,21.64,2.5,54.67,4545.23,3.39,222.7,27.01,17.68,100,1,7.41,0
2016,7,27,0,0,21.25,0.5,65.34,4852.28,5.42,277.32,26.08,18.08,100,0,8.37,1.08
2016,7,28,0,0,20.5,1.4,50.52,4985.78,7.39,242.84,23.46,16.81,100,0.3,14.44,2.41
2016,7,29,0,0,21.51,0.1,21.25,6432.03,8.05,230.66,26.58,14.94,100,0,16.26,1.14
2016,7,30,0,0,23.9,0,25.13,6683.9,6.35,176.46,29.22,17.88,100,0,11.53,2.74
2016,7,31,0,0,20.02,17.5,84.21,1736.39,9,253.78,23.84,17.26,100,0,14.56,1.14
2016,8,1,0,0,18.65,0.1,57.7,6581.55,4.85,237.7,23.48,13.84,100,0,8.4,0.8
2016,8,2,0,0,20.09,0,37.65,5018.71,9.42,217.58,24.22,15.11,100,3,22.2,2.31
2016,8,3,0,0,22.37,0,12.01,7237.48,9.02,218.18,27.42,16.63,74,0,19.83,1.8
2016,8,4,0,0,20.89,20,39.57,5719.14,9.75,201.2,28.08,16.3,100,0,30.98,2.81
2016,8,5,0,0,16.48,26.5,68.96,2896.95,13.65,276.48,18.55,14.77,100,0,21.44,6.13
2016,8,6,0,0,17.71,0,8.05,6933.1,6.95,145.74,23.28,12.48,61,0,14.78,0.51
2016,8,7,0,0,19.79,0,2,7137.8,4.32,82.36,25.59,13.5,10,0,7.42,1.08
2016,8,8,0,0,21.73,0,16.12,6928.65,9.2,237.28,27.35,16.47,100,0,19.72,1.14
2016,8,9,0,0,17.78,1.6,99.46,3740.67,12.51,304.78,20.32,14.96,100,87,28.82,3.26
2016,8,10,0,0,15.54,0.1,56.25,6300.31,9.65,291.5,18.9,12.34,100,0,12.32,4.84
2016,8,11,0,0,15.26,0,43,6628.72,5.8,263.32,20.36,9.99,100,0,10.83,0.36
2016,8,12,0,0,18.93,1.4,58.33,4555.02,6.87,230.24,24.48,14.26,100,0,11.77,1.14
2016,8,13,0,0,21.87,0,0.95,6901.06,4.91,155.31,27.91,15.32,8.7,0,9.23,0
2016,8,14,0,0,23.86,0,2.12,6785.36,4.33,187.72,29.46,17.83,31,0,8.12,0.51
2016,8,15,0,0,23.47,0,0.83,6664.32,3.33,131.6,28.52,17.8,10,0,8.59,0
2016,8,16,0,0,22.62,0,2.08,6541.5,3.57,185.39,28.36,15.51,10,0,7.15,0.72
2016,8,17,0,0,22.76,0.4,52.35,5771.65,3.3,120.32,27.53,17.3,100,0,8.4,0
2016,8,18,0,0,19.7,5.1,56.1,2554.3,6.73,199.69,23.7,17.05,100,0,21.54,1.08
2016,8,19,0,0,21.07,1.2,80.26,5236.76,4.29,157.64,25.49,16.59,100,1.2,7.65,1.8
2016,8,20,0,0,19.24,1.9,75.9,2492.89,7.04,190.44,22.19,16.26,100,1.5,18.72,1.44
2016,8,21,0,0,17.47,0,48.08,6145.45,13.72,248.15,21.45,13.93,100,0,23.14,4.61
2016,8,22,0,0,18.11,0,0,6523.7,3.92,123.26,23.58,12.31,0,0,8.31,0.51
2016,8,23,0,0,20.92,0,0,6456.06,12.73,111.29,28.77,12.51,0,0,19.16,7.9
2016,8,24,0,0,22.89,0,0,6435.59,11.48,112.03,30.31,15.75,0,0,13.78,8.71
2016,8,25,0,0,24.12,0,0,6372.4,7.48,155.1,32.12,15.92,0,0,13.61,1.3
2016,8,26,0,0,26.97,0,0,6300.31,5.01,132.83,33.26,20.93,0,0,7.7,1.02
2016,8,27,0,0,27.08,0,0,6192.62,6.34,128.55,32.85,21.41,0,0,11.87,3.76
2016,8,28,0,0,26.67,0,7.68,6157.02,8.54,202.33,31.84,22.27,100,0,18.72,2.9
2016,8,29,0,0,22.24,1.1,49.59,5261.68,11.6,266.39,25.16,19.5,100,0,19.64,5.48
2016,8,30,0,0,19.65,0,12.12,6062.68,9.5,180.25,27.05,12.56,100,0,22.01,2.16
2016,8,31,0,0,20.95,0,1.67,5945.2,4.65,214.59,28.06,13.66,10,0,9.11,1.02
2016,9,1,0,0,22.92,0,5.29,5776.99,5.18,252.32,27.27,19.23,45,0,9.37,0.72
2016,9,2,0,0,22.36,0,2.54,5973.68,3.08,200.99,27.78,16.59,24,0,5.4,0.72
2016,9,3,0,0,23.34,0,56.83,4894.11,4.3,143.63,28.76,17.69,100,0,8.65,0.8
2016,9,4,0,0,21.65,8,70.99,2621.05,9.65,204.75,27.88,16.24,100,0,19.97,0.8
2016,9,5,0,0,18.11,3.3,54.44,4971.54,11.86,257,21.22,15.85,100,0,22.78,3.6
2016,9,6,0,0,18.28,0,20.07,5327.54,7.22,117.1,24.03,13.61,100,0,14.59,1.94
2016,9,7,0,0,18.57,0,20.32,5737.83,7.34,135.14,25.23,12.26,100,0,15.39,1.94
2016,9,8,0,0,21.89,0,0.69,5642.6,7.25,183.35,28.76,15.98,6.6,0,12.66,0.72
2016,9,9,0,0,21.66,0,4.48,5464.6,8.99,195.53,27.24,15.42,10,0,15.28,4.21
2016,9,10,0,0,22.52,0,2.17,5434.34,2.83,129.49,27.48,17.52,10,0,6.57,0.51
2016,9,11,0,0,22.98,0,10.45,5416.54,7.31,119.18,28.26,17.93,100,0,11.97,2.9
2016,9,12,0,0,22.95,0,55.27,4830.03,7.71,160.67,29.59,16.24,100,4.5,10.59,1.44
2016,9,13,0,0,23.6,0,0,5330.21,8.2,117.99,29.63,18.45,0,0,12.07,5.5
2016,9,14,0,0,22.51,0,0.51,5293.72,7.32,113.5,28.78,17.43,4.2,0,12.64,2.28
2016,9,15,0,0,18.46,0.4,66.08,2118.2,12.45,221.43,21.6,15.59,100,0,23.38,3.32
2016,9,16,0,0,18.17,1.1,90.26,3552.88,7.11,194.12,21.43,16.27,100,1.2,22.26,1.53
2016,9,17,0,0,15.46,0.2,75.46,3772.71,11.47,264.88,19.27,13.15,100,24,18.94,6.19
2016,9,18,0,0,13.77,31.5,100,946.96,11.52,264.43,15.72,12.38,100,100,19.48,4.68
2016,9,19,0,0,15.44,1.6,47.6,2937.89,8.9,281.03,17.65,13.35,100,0,12.31,0.8
2016,9,20,0,0,15.23,0,90.92,3953.38,5.14,130.4,18.98,10.75,100,33,10.63,2.19
2016,9,21,0,0,14.45,0,11.12,4489.16,4.77,101.17,19.55,9.48,100,0,9.51,1.02
2016,9,22,0,0,15.12,0,8.1,4978.66,5.95,90.45,21.1,8.17,100,0,10.46,1.08
2016,9,23,0,0,17.17,0,52.42,4440.21,4.45,240.75,22.24,12.13,100,0,10.08,0.72
2016,9,24,0,0,16.99,0,0.1,4859.4,10.28,116.03,23.34,11.62,1.2,0,16.39,2.52
2016,9,25,0,0,18.22,0,1.25,4645.8,5.6,143.58,24.19,13.23,10,0,8.71,0.36
2016,9,26,0,0,16.49,0.1,35.79,4085.1,12.64,309.3,20.8,13.1,100,0,19.65,2.41
2016,9,27,0,0,16.82,0,20.43,4199.02,4.79,200.64,20.81,12.79,100,0,8.71,1.14
2016,9,28,0,0,17.41,0,11.6,4572.82,6.82,204.31,23.79,12.02,40,0,16.24,1.53
2016,9,29,0,0,19.46,0,10.67,4487.38,8.35,183.22,25.98,14.67,68,0,17.87,1.14
2016,9,30,0,0,19.08,0,22.08,4423.3,8.89,212.47,24.5,13.8,100,0,19.88,1.8
2016,10,1,0,0,17.21,7.9,96.62,1493.42,7.44,203.23,20.04,14.7,100,30,14.4,1.48
2016,10,2,0,0,13.54,1.9,50.62,3438.07,12.27,252.17,15.67,9.3,100,0,21.24,5.35
2016,10,3,0,0,13.18,0,31.54,3908.88,7.27,236.83,17.06,9.17,100,0,11.52,4.83
2016,10,4,0,0,12.03,0,0.29,4272,11.23,95.5,18.12,6,4,0,21.25,4.35
2016,10,5,0,0,10.28,0,6.25,4368.12,14.92,85.63,14.75,5.63,41,0,27.4,1.8
2016,10,6,0,0,8.23,0,21.44,4193.68,8.78,160.67,16.39,0.77,100,0,18.18,3.1
2016,10,7,0,0,10.09,0,42.95,3907.99,5.65,113.03,15.77,4.99,100,0,16.38,0.72
2016,10,8,0,0,10.94,0.1,72.62,3326.82,8.74,162.88,13.88,8.62,100,0.9,13.28,6.3
2016,10,9,0,0,9,1.6,65.38,2686.02,7.17,258.85,11.34,6.28,100,2,15.68,1.14
2016,10,10,0,0,9.03,0,67.58,3859.04,5.1,101.04,13.24,4.69,100,2,9.45,0.36
2016,10,11,0,0,8.53,0.1,38.83,3212.9,6.17,127.58,12.58,4.79,100,0,9.59,1.94
2016,10,12,0,0,7.43,0,2.95,3921.34,8.28,99.15,13.54,1.94,36,0,16.7,1.48
2016,10,13,0,0,8.03,0.3,85.88,2060.35,9.72,119.93,13.43,3.83,100,5,14.69,4.38
2016,10,14,0,0,12.2,5.4,79.17,1996.27,14.08,128.49,16.96,8.86,100,0.6,21.98,2.97
2016,10,15,0,0,13.59,0,16.73,3608.06,6.12,194.45,17.91,9.82,100,0,11.88,1.08
2016,10,16,0,0,13.79,0,42.46,3621.41,11.29,121.1,20.87,7.53,100,0,17.42,7.39
2016,10,17,0,0,15.25,7,97.17,2073.7,8.68,213.53,19.11,12.39,100,73,14.26,3.1
2016,10,18,0,0,13.29,2.1,83.67,2543.62,8.24,235.65,16.02,11.67,100,10,15.91,2.16
2016,10,19,0,0,11.34,1.4,81,2852.45,14.9,263.32,13.25,8.89,100,0,21.96,8.5
2016,10,20,0,0,9.61,1.4,74.42,2532.05,16.09,260.2,12.36,6.94,100,0,21.65,11.97
2016,10,21,0,0,9.25,5.8,84.25,2171.6,15.54,268.21,11.21,6.61,100,0,21.32,9.03
2016,10,22,0,0,8.13,0,40.5,3383.78,4.26,216.99,12.79,4.36,100,0,8.35,1.44
2016,10,23,0,0,9.19,1,92.1,940.73,15.07,120.96,12.67,5.47,100,4.5,20.47,7.29
2016,10,24,0,0,14.11,1.5,81.79,1819.16,15.4,131.67,20.66,6.93,100,18,24.68,5.35
2016,10,25,0,0,14.46,10.2,97.08,1623.36,5.66,277.5,17.51,11.91,100,30,15.99,0.72
2016,10,26,0,0,12.33,0,62.12,2333.58,5.92,317.05,15.71,9.34,100,0,11.3,0.72
2016,10,27,0,0,10.52,0,44.94,2616.6,4.2,253.71,14.75,8.08,100,0,7.64,0.51
2016,10,28,0,0,10.46,0,15.76,3122.12,4.92,220.29,15.52,6.34,44,0,10.23,1.48
2016,10,29,0,0,10.31,0,21.17,2912.08,3.95,228.55,16.02,5.52,100,0,8.47,0
2016,10,30,0,0,9.13,0,18.62,2963.7,4.09,202.27,14.84,4.79,100,0,8.89,1.14
2016,10,31,0,0,9.79,0,24.14,2897.84,3.83,175.04,15.47,5.54,100,0,13.04,0.36
2016,11,1,0,0,11.13,0,1.99,2903.18,7.67,165.91,17.34,6.33,6.9,0,14.19,0
2016,11,2,0,0,10.19,0.1,71.96,1436.46,10.31,276.06,12.64,7.31,100,4.5,17.55,4.51
2016,11,3,0,0,6.17,0,25.17,2876.48,5.23,179.51,10.83,2.45,100,0,9.18,1.94
2016,11,4,0,0,8.26,0.3,53.76,2712.72,8.68,121.25,14.32,1.47,100,3.6,18.36,4.61
2016,11,5,0,0,11.99,8.9,100,643.47,11.15,233.15,15.56,8.89,100,100,25.28,3.4
2016,11,6,0,0,6.47,2.5,81.33,1678.54,13.57,279.12,8.48,3.77,100,18,16.45,9.39
2016,11,7,0,0,3.65,1.3,50.21,1236.21,10.79,233.37,5.98,0.94,100,0,16.58,5.8
2016,11,8,0,0,3.09,0.4,64.33,1788.01,10.22,214.72,7.52,-0.57,100,0,17.02,1.61
2016,11,9,0,0,3.79,4.8,70.08,477.93,22.12,208.47,7.76,0.24,100,0,39.83,7.65
2016,11,10,0,0,7.17,7,87.42,1119.62,25.35,263.69,9.18,5.21,100,17,39.56,10.82
2016,11,11,0,0,6.33,5.3,84.04,1375.94,24.38,287.06,8.21,4.73,100,0,31.85,15.95
2016,11,12,0,0,4.46,0.6,57.6,2090.61,7.45,183.59,7.76,2.46,100,0,13.89,2.19
2016,11,13,0,0,6.07,0,94.62,1787.12,10.49,105.97,10.47,1.53,100,32,15.99,4.9
2016,11,14,0,0,2.72,0,16.05,2340.7,4.49,222.28,5.23,0.09,100,0,10.08,0.72
2016,11,15,0,0,5.39,0,84.6,1660.74,4.98,200.73,9.33,1.3,100,5.1,11.66,2.52
2016,11,16,0,0,9.62,3.6,100,1043.97,7.17,197.89,13.31,6.87,100,100,16.3,0
2016,11,17,0,0,11.79,1.2,60.95,2010.51,18.34,245.34,14.37,10.15,100,0.3,29.12,10.64
2016,11,18,0,0,11.85,2.5,83.45,1789.79,23.1,239.64,15.96,7.5,100,3.9,37.67,6.13
2016,11,19,0,0,7.34,4.3,75.78,1570.85,11.41,205.87,8.93,5.06,100,4.2,25.76,4.39
2016,11,20,0,0,6.96,0,49.74,2218.77,17.76,143.24,14.54,0.53,100,1.5,32.04,9.79
2016,11,21,0,0,9.18,0,100,340.87,11.88,117.37,12.77,3.61,100,100,15.63,7.1
2016,11,22,0,0,10.43,0,96.29,992.35,6.79,191.28,14.42,7.89,100,43,16.62,1.61
2016,11,23,0,0,11.19,0.1,77.86,1636.71,5.82,190.9,15.56,9,100,7.2,10.51,1.44
2016,11,24,0,0,8.43,0,50,1557.5,4.43,235.36,10.9,5.82,100,2.4,8.56,0.72
2016,11,25,0,0,6.76,1.5,100,1162.34,5.23,245.03,8.14,5.02,100,100,7.9,2.28
2016,11,26,0,0,8.57,0.8,67.98,1540.59,4.44,134.37,11.5,6.53,100,0,7.7,1.14
2016,11,27,0,0,7.28,0,82.58,1378.61,7.14,204.7,9.54,4.47,100,6,14.33,1.84
2016,11,28,0,0,2.77,0,17.33,2068.36,20.74,80.19,5.96,-0.01,100,0,28.64,12.31
2016,11,29,0,0,0.85,0,0,2022.08,11.79,130.34,4.35,-1.16,0,0,25.22,1.08
2016,11,30,0,0,2.57,0,1.34,1944.65,6.46,150.76,7.2,-1.15,19,0,13.48,1.44
2016,12,1,0,0,4.01,0,2.35,1947.32,4.71,216.78,7.6,1.51,13,0,8.43,0.8
2016,12,2,0,0,2.7,0,1.39,1940.2,3.46,175.18,5.89,0.01,5.7,0,6.99,0
2016,12,3,0,0,1.83,0,24.42,1894.81,6.43,124.51,7.31,-0.64,100,0,14.78,0
2016,12,4,0,0,1.73,0,4.21,1864.55,12.29,116.13,6.39,-0.36,27,0,16.92,7.42
2016,12,5,0,0,2.68,0,0,1838.74,9.75,108.99,7.97,-1.4,0,0,12.41,6.48
2016,12,6,0,0,4.15,0,1.12,1880.57,4.99,117.31,9.16,1.26,6,0,7.29,0.51
2016,12,7,0,0,3.78,0,17.86,1883.24,4.25,128.93,8.8,0.65,100,0,9.36,0
2016,12,8,0,0,5.98,0,11.31,1892.14,6.68,109.5,9.99,2.55,77,0,8.85,3.32
2016,12,9,0,0,7,0,34.81,1673.2,5.84,120.11,9.41,5.31,100,0,7.63,3.42
2016,12,10,0,0,6.89,0,2.25,1789.79,4.98,138.64,8.82,4.74,54,0,7.56,1.02
2016,12,11,0,0,4.67,0,33.47,1120.51,7.84,207.12,7.96,3.28,100,0,12.31,2.9
2016,12,12,0,0,3.81,0,67.45,1680.32,7.67,161.75,7.18,1.77,100,1.2,11.18,0.36
2016,12,13,0,0,4.24,0,29.41,1628.7,6.22,112.52,8.2,1.35,100,0,10.74,3.98
2016,12,14,0,0,5.05,0,3.92,1723.93,8.14,111.39,8.52,3.17,40,0,9.96,6.12
2016,12,15,0,0,3.97,0,1.44,1784.45,8.09,112.91,8.45,1.66,5.7,0,12.18,6.15
2016,12,16,0,0,2.72,0,10.4,1800.47,13.79,111.06,7.6,0.18,28,4.2,21.6,5.96
2016,12,17,0,0,4.2,0,51.62,1634.93,4.54,146.93,8.49,-0.31,100,6,6.61,1.14
2016,12,18,0,0,3.83,0,61.46,1690.11,4.74,273.72,5.92,1.64,100,0,9.59,0.51
2016,12,19,0,0,2.33,0,65.62,1613.57,6.42,141.93,6.8,-0.67,100,0,17.41,2.04
2016,12,20,0,0,1.28,0,27.03,1779.11,4.88,228.93,6.32,-2.43,100,0,11.97,0.36
2016,12,21,0,0,3.52,0,8.87,1717.7,3.45,180.06,6.2,1.21,83,0,7.57,0.51
2016,12,22,0,0,5.35,0.1,27.68,1729.27,5.39,139.43,8.49,2,100,0,8.83,2.52
2016,12,23,0,0,6.66,0.8,87.7,1096.48,3.42,214.39,7.99,5.05,100,0.6,7.9,0.51
2016,12,24,0,0,7.5,0.2,87.5,1157,11.01,242.35,11.08,4.86,100,6.9,26.8,0.51
2016,12,25,0,0,7.86,0,71.83,1120.51,13.57,260.96,10.78,6.08,100,0,20.52,5.15
2016,12,26,0,0,8.52,0.5,84.38,1382.17,12.35,250.79,11.88,6.42,100,0,21.96,5.96
2016,12,27,0,0,3.24,0,21.2,1757.75,3.98,225.33,5.8,-0.07,100,0,7.42,0.36
2016,12,28,0,0,2.06,0,0,1770.21,3.9,102.83,6.31,-0.47,0,0,7.42,0.8
2016,12,29,0,0,1.25,0,2.54,1792.46,7.12,183.15,4.06,-0.66,15,0,12.24,3.26
2016,12,30,0,0,1.52,0,0,1793.35,6.32,112.79,5.11,-1.42,0,0,10.88,2.41
2016,12,31,0,0,3.01,0,0,1806.7,5.49,118.41,5.01,1.8,0,0,8.23,3.76